,start_lat,start_long,from_stop_name,from_lat,from_long,to_stop_name,to_lat,to_long,end_lat,end_long,shortest_travel_time
0,72.96743112905442,19.266563641485757,anand nagar,19.264687,72.967836,bhayandar pada,19.283685,72.952358,72.9541137070531,19.28525727809864,NULL
1,72.9661499,19.26457955,anand nagar,19.264687,72.967836,bhayandar pada,19.283685,72.952358,72.95329911114965,19.28334892719381,NULL
2,72.96891631327173,19.26351417387728,anand nagar,19.264687,72.967836,bhayandar pada,19.283685,72.952358,72.95436818177616,19.28504747284205,NULL
3,72.96588345826552,19.263931838798555,anand nagar,19.264687,72.967836,bhayandar pada,19.283685,72.952358,72.95068542581487,19.28185033940209,NULL
4,72.96950761941244,19.26390040761664,anand nagar,19.264687,72.967836,bhayandar pada,19.283685,72.952358,72.951718190846,19.282227727468364,NULL
